<!-- [ Mirror metadata ] generatedAt: 1475578214998 -->
<!-- Generated screen file. Fill the id tags below with content with
which to populate your previewed layout. For a complete specification
of sample data, please see http://jimulabs.com/sample-data-specifications/ 

Valid attributes on <screen> tag: theme="@style/someTheme" inEditMode="false" overlay="@drawable/mockup" -->
<screen>
    <_content layout="@layout/activity_review">
        <!-- ImageView Examples:
        <iv_top src="@drawable/image_resource" />
        <iv_top src="relative_path/image.jpg" /> -->
        <iv_top />
        <iv_back />
        <!-- TextView Examples:
        <tv_plus text="@string/string_resource" />
        <tv_plus text="Text literal" textSize="14sp" /> -->
        <tv_plus />
        <tv_recipe_category />
        <tv_recipe_title />
        <tv_total_comments />
        <recycler_review layoutManager="linear:vertical">
        <!-- Examples of valid layoutManager values: "linear", "staggeredGrid:5:horizontal", "staggeredGrid:4" -->
            <items layout="@android:layout/simple_list_item_1" >
                <_item>
                    <text1>Vancouver</text1>
                </_item>
                <_item>
                    <text1>Cairo</text1>
                </_item>
                <_item>
                    <text1>New York</text1>
                </_item>
                <_item>
                    <text1>San Francisco</text1>
                </_item>
                <_item>
                    <text1>Seattle</text1>
                </_item>
                <_item>
                    <text1>Hong Kong</text1>
                </_item>
                <_item>
                    <text1>Tokyo</text1>
                </_item>
            </items>
                </recycler_review>
    </_content>
</screen>
