<!-- [ Mirror metadata ] generatedAt: 1475578214961 -->
<!-- Generated screen file. Fill the id tags below with content with
which to populate your previewed layout. For a complete specification
of sample data, please see http://jimulabs.com/sample-data-specifications/ 

Valid attributes on <screen> tag: theme="@style/someTheme" inEditMode="false" overlay="@drawable/mockup" -->
<screen>
    <_content layout="@layout/activity_discover_swipe">
        <!-- ImageView Examples:
        <iv_cancel src="@drawable/image_resource" />
        <iv_cancel src="relative_path/image.jpg" /> -->
        <iv_cancel />
        <!-- TextView Examples:
        <tv_discover text="@string/string_resource" />
        <tv_discover text="Text literal" textSize="14sp" /> -->
        <tv_discover />
        <tv_noIdea />
        <tv_swipeCard />
    </_content>
</screen>
