<!-- [ Mirror metadata ] generatedAt: 1475578215002 -->
<!-- Generated screen file. Fill the id tags below with content with
which to populate your previewed layout. For a complete specification
of sample data, please see http://jimulabs.com/sample-data-specifications/ 

Valid attributes on <screen> tag: theme="@style/someTheme" inEditMode="false" overlay="@drawable/mockup" -->
<screen>
    <_content layout="@layout/activity_search">
        <!-- ImageView Examples:
        <iv_back src="@drawable/image_resource" />
        <iv_back src="relative_path/image.jpg" /> -->
        <iv_back />
        <!-- TextView Examples:
        <tv_search_title text="@string/string_resource" />
        <tv_search_title text="Text literal" textSize="14sp" /> -->
        <tv_search_title />
        <iv_search />
        <iv_cancel_search />
        <tv_recipes />
        <rec_serched_recipe layoutManager="linear:vertical">
        <!-- Examples of valid layoutManager values: "linear", "staggeredGrid:5:horizontal", "staggeredGrid:4" -->
            <items layout="@android:layout/simple_list_item_1" >
                <_item>
                    <text1>Apple</text1>
                </_item>
                <_item>
                    <text1>Orange</text1>
                </_item>
                <_item>
                    <text1>Pear</text1>
                </_item>
                <_item>
                    <text1>Grapefruit</text1>
                </_item>
                <_item>
                    <text1>Banana</text1>
                </_item>
                <_item>
                    <text1>Lemon</text1>
                </_item>
                <_item>
                    <text1>Carrot</text1>
                </_item>
            </items>
                </rec_serched_recipe>
        <tv_ingredients />
    </_content>
</screen>
