<!-- [ Mirror metadata ] generatedAt: 1475578215007 -->
<!-- Generated screen file. Fill the id tags below with content with
which to populate your previewed layout. For a complete specification
of sample data, please see http://jimulabs.com/sample-data-specifications/ 

Valid attributes on <screen> tag: theme="@style/someTheme" inEditMode="false" overlay="@drawable/mockup" -->
<screen>
    <_content layout="@layout/activity_step_by_step_play">
        <!-- TextView Examples:
        <tv_steps_not_available text="@string/string_resource" />
        <tv_steps_not_available text="Text literal" textSize="14sp" /> -->
        <tv_steps_not_available />
        <viewpager_recipe_stepByStep>
            <!-- Add pages to your ViewPager here like so:
            <_page title="page title" icon="@drawable/my_icon"/>
            <_page layout="@layout/my_page_layout">
                <my_image_view src="@drawable/my_image"/>
            </_page>
            -->
        </viewpager_recipe_stepByStep>
        <!-- ImageView Examples:
        <iv_back_inSteps src="@drawable/image_resource" />
        <iv_back_inSteps src="relative_path/image.jpg" /> -->
        <iv_back_inSteps />
        <tv_skip />
        <tv_nextStep />
    </_content>
</screen>
