<!-- [ Mirror metadata ] generatedAt: 1475578214971 -->
<!-- Generated screen file. Fill the id tags below with content with
which to populate your previewed layout. For a complete specification
of sample data, please see http://jimulabs.com/sample-data-specifications/ 

Valid attributes on <screen> tag: theme="@style/someTheme" inEditMode="false" overlay="@drawable/mockup" -->
<screen>
    <_content layout="@layout/activity_login">
        <!-- TextView Examples:
        <tv_title text="@string/string_resource" />
        <tv_title text="Text literal" textSize="14sp" /> -->
        <tv_title />
        <textView2 />
        <tv_forgotPass />
        <!-- ImageView Examples:
        <imageView src="@drawable/image_resource" />
        <imageView src="relative_path/image.jpg" /> -->
        <imageView />
        <fbLogin />
        <tv_SignUp />
    </_content>
</screen>
