<!-- [ Mirror metadata ] generatedAt: 1475578215036 -->
<!-- Generated screen file. Fill the id tags below with content with
which to populate your previewed layout. For a complete specification
of sample data, please see http://jimulabs.com/sample-data-specifications/ 

Valid attributes on <screen> tag: theme="@style/someTheme" inEditMode="false" overlay="@drawable/mockup" -->
<screen>
    <_content layout="@layout/dialog_ingredient_detail">
        <!-- TextView Examples:
        <tv_cancel text="@string/string_resource" />
        <tv_cancel text="Text literal" textSize="14sp" /> -->
        <tv_cancel />
        <!-- ImageView Examples:
        <iv_ingredient_image src="@drawable/image_resource" />
        <iv_ingredient_image src="relative_path/image.jpg" /> -->
        <iv_ingredient_image />
        <tv_ingredient_name />
        <tv_ingredient_detail />
    </_content>
</screen>
