<!-- [ Mirror metadata ] generatedAt: 1475578215031 -->
<!-- Generated screen file. Fill the id tags below with content with
which to populate your previewed layout. For a complete specification
of sample data, please see http://jimulabs.com/sample-data-specifications/ 

Valid attributes on <screen> tag: theme="@style/someTheme" inEditMode="false" overlay="@drawable/mockup" -->
<screen>
    <_content layout="@layout/dialog_ingredient_cart">
        <!-- TextView Examples:
        <tv_cancel_cart_dialog text="@string/string_resource" />
        <tv_cancel_cart_dialog text="Text literal" textSize="14sp" /> -->
        <tv_cancel_cart_dialog />
        <recycler_cart layoutManager="linear:vertical">
        <!-- Examples of valid layoutManager values: "linear", "staggeredGrid:5:horizontal", "staggeredGrid:4" -->
            <items layout="@android:layout/simple_list_item_1" >
                <_item>
                    <text1>Apple</text1>
                </_item>
                <_item>
                    <text1>Orange</text1>
                </_item>
                <_item>
                    <text1>Pear</text1>
                </_item>
                <_item>
                    <text1>Grapefruit</text1>
                </_item>
                <_item>
                    <text1>Banana</text1>
                </_item>
                <_item>
                    <text1>Lemon</text1>
                </_item>
                <_item>
                    <text1>Carrot</text1>
                </_item>
            </items>
                </recycler_cart>
        <tv_addAll_to_cart />
    </_content>
</screen>
