<!-- [ Mirror metadata ] generatedAt: 1475578215075 -->
<!-- Generated screen file. Fill the id tags below with content with
which to populate your previewed layout. For a complete specification
of sample data, please see http://jimulabs.com/sample-data-specifications/ 

Valid attributes on <screen> tag: theme="@style/someTheme" inEditMode="false" overlay="@drawable/mockup" -->
<screen>
    <_content layout="@layout/fragment_weekly_menu">
        <rec_weekly_recipe layoutManager="linear:vertical">
        <!-- Examples of valid layoutManager values: "linear", "staggeredGrid:5:horizontal", "staggeredGrid:4" -->
            <items layout="@android:layout/simple_list_item_1" >
                <_item>
                    <text1>Vancouver</text1>
                </_item>
                <_item>
                    <text1>Cairo</text1>
                </_item>
                <_item>
                    <text1>New York</text1>
                </_item>
                <_item>
                    <text1>San Francisco</text1>
                </_item>
                <_item>
                    <text1>Seattle</text1>
                </_item>
                <_item>
                    <text1>Hong Kong</text1>
                </_item>
                <_item>
                    <text1>Tokyo</text1>
                </_item>
            </items>
                </rec_weekly_recipe>
        <!-- TextView Examples:
        <tv_offer_another_recipe text="@string/string_resource" />
        <tv_offer_another_recipe text="Text literal" textSize="14sp" /> -->
        <tv_offer_another_recipe />
        <!-- ImageView Examples:
        <iv_offer_another_recipe src="@drawable/image_resource" />
        <iv_offer_another_recipe src="relative_path/image.jpg" /> -->
        <iv_offer_another_recipe />
    </_content>
</screen>
