<!-- [ Mirror metadata ] generatedAt: 1475578215145 -->
<!-- Generated screen file. Fill the id tags below with content with
which to populate your previewed layout. For a complete specification
of sample data, please see http://jimulabs.com/sample-data-specifications/ 

Valid attributes on <screen> tag: theme="@style/someTheme" inEditMode="false" overlay="@drawable/mockup" -->
<screen>
    <_content layout="@layout/row_swipecard_item_view">
        <!-- ImageView Examples:
        <iv_dis_itemimage src="@drawable/image_resource" />
        <iv_dis_itemimage src="relative_path/image.jpg" /> -->
        <iv_dis_itemimage />
        <!-- TextView Examples:
        <tv_dis_itemname text="@string/string_resource" />
        <tv_dis_itemname text="Text literal" textSize="14sp" /> -->
        <tv_dis_itemname />
        <iv_preparation_time />
        <tv_preparation_time />
        <iv_cook_time />
        <tv_cook_time />
        <iv_fermantation_time />
        <tv_fermantation_time />
        <iv_soaking_time />
        <tv_soaking_time />
    </_content>
</screen>
